Workbook

Sheet Inputs
A1: Karmod Cost Calculator v2 — Inputs (unbranded)
A2: Date: | B2: 2025-11-01
A3: USD→MAD reference | B3: 9.23
A4: Project contingency | B4: 0.1
A5: Total cabins target | B5: 480
A7: Cabin Types
A8: Type | B8: Unit Price (USD) | C8: Weight (kg) | D8: HS Code | E8: Count (manual)
A9: Guard room 390×870 (2WC+2Shwr) | B9: 8627 | C9: 3500 | D9: 940690100000 | E9: 1
A10: Classroom 390×390 standard | B10: 4490 | D10: 940690100000 | E10: =MAX(0,$B$5 - E9) -> 0
A12: Per-cabin adders (USD): Low / Medium / High
A13: Component | B13: Low | C13: Medium | D13: High
A14: Shipping & local logistics (per cabin) | B14: 1200 | C14: 1800 | D14: 2400
A15: Import taxes & fees (per cabin, est.) | B15: 2000 | C15: 2800 | D15: 3600
A16: Foundations & pads | B16: 1200 | C16: 1800 | D16: 2600
A17: Assembly labor (set/bolt) | B17: 900 | C17: 1400 | D17: 2200
A18: MEP tie-ins (power/water) | B18: 1400 | C18: 2100 | D18: 3200
A19: Furnishings & equipment | B19: 1200 | C19: 2000 | D19: 3000
A20: Siteworks & utilities avg | B20: 1500 | C20: 2500 | D20: 4000
A22: Land plug-in (enter only if you want to include land)
A23: Land area (m²) | C23: e.g., 20,000 m²
A24: Price (MAD per m²) | C24: e.g., 1,200 MAD/m²
A25: Land cost (MAD) | B25: =IF(OR(B23="",B24=""),"",B23*B24) -> 0 | C25: auto-calculated
A27: Notes:
A28: • Counts default to 480 total (guard count is manual; classroom count auto-fills to hit 480). • Replace adders with real quotes for your site. • Import/VAT varies—confirm with Moroccan customs/CPA. • HS code provided by vendor: 940690100000.

Sheet Scenarios
A1: Cost Model v2 (Karmod) — Scenarios (USD & MAD)
A2: Date: | B2: 2025-11-01
A3: Assumption: total cabins | B3: =Inputs!B5 -> 0
A4: USD→MAD | B4: =Inputs!B3 -> 0
A5: Contingency | B5: =Inputs!B4 -> 0
A7: Type | B7: Unit Price (USD) | C7: Count | E7: Adders per cabin | F7: Low | G7: Medium | H7: High
A8: Guard room | B8: =Inputs!B9 -> 0 | C8: =Inputs!E9 -> 0 | E8: Total adders | F8: =SUM(Inputs!B13:B19) -> 0 | G8: =SUM(Inputs!C13:C19) -> 0 | H8: =SUM(Inputs!D13:D19) -> 0
A9: Classroom 390×390 | B9: =Inputs!B10 -> 0 | C9: =Inputs!E10 -> 0
A10: Total units | C10: =SUM(C8:C9) -> 0
A12: Per-cabin totals by type (USD)
A13: Scenario | B13: Guard room | C13: Classroom | D13: Weighted avg
A14: Low | B14: =B8 + F8 -> 0 | C14: =B9 + F8 -> 0 | D14: =(B14*C8 + C14*C9)/C10 -> 0
A15: Medium | B15: =B8 + G8 -> 0 | C15: =B9 + G8 -> 0 | D15: =(B15*C8 + C15*C9)/C10 -> 0
A16: High | B16: =B8 + H8 -> 0 | C16: =B9 + H8 -> 0 | D16: =(B16*C8 + C16*C9)/C10 -> 0
A18: Project totals (USD, excl. land) | B18: Low | C18: Medium | D18: High | F18: Land cost (MAD) | G18: =Inputs!B25 -> 0
B19: =(B14*C8 + C14*C9) * (1 + $B$5) -> 0 | C19: =(B15*C8 + C15*C9) * (1 + $B$5) -> 0 | D19: =(B16*C8 + C16*C9) * (1 + $B$5) -> 0 | F19: Combined total (MAD) | G19: =IF(G18="","", G18 + C22) -> 0
F20: (Uses Medium scenario for combined calc)
A21: Core totals (MAD, excl. land) | B21: Low | C21: Medium | D21: High
B22: =B19 * $B$4 -> 0 | C22: =C19 * $B$4 -> 0 | D22: =D19 * $B$4 -> 0

Sheet Phasing
A1: Phasing (enter cabins per year by type; all scenarios computed)
A2: Years shown | B2: 3 (default 160/yr to reach 480)
A4: Guard room | B4: 1 | C4: 0 | D4: 0 | E4: =SUM(B4:D4) -> 0
A5: Classroom 390×390 | B5: 159 | C5: 160 | D5: 160 | E5: =SUM(B5:D5) -> 0
A6: Totals | E6: =SUM(E4:E5) -> 0 | F6: Target | G6: =Inputs!B5 -> 0
A8: Totals by Scenario (USD, excl. land)
A9: Scenario | B9: Y1 total | C9: Y2 total | D9: Y3 total | E9: 3-year total | G9: MAD (Medium scenario)
A10: Low | B10: =(Scenarios!B14*B4 + Scenarios!C14*B5) -> 0 | C10: =(Scenarios!B14*C4 + Scenarios!C14*C5) -> 0 | D10: =(Scenarios!B14*D4 + Scenarios!C14*D5) -> 0 | E10: =SUM(B10:D10) -> 0 | G10: Y1 | H10: Y2 | I10: Y3 | J10: 3-year total
A11: Medium | B11: =(Scenarios!B15*B4 + Scenarios!C15*B5) -> 0 | C11: =(Scenarios!B15*C4 + Scenarios!C15*C5) -> 0 | D11: =(Scenarios!B15*D4 + Scenarios!C15*D5) -> 0 | E11: =SUM(B11:D11) -> 0 | G11: =B11 * Scenarios!B4 -> 0 | H11: =C11 * Scenarios!B4 -> 0 | I11: =D11 * Scenarios!B4 -> 0 | J11: =E11 * Scenarios!B4 -> 0
A12: High | B12: =(Scenarios!B16*B4 + Scenarios!C16*B5) -> 0 | C12: =(Scenarios!B16*C4 + Scenarios!C16*C5) -> 0 | D12: =(Scenarios!B16*D4 + Scenarios!C16*D5) -> 0 | E12: =SUM(B12:D12) -> 0

Sheet Quote_Notes
A1: Vendor Inputs (from your conversation)
A3: Guard room 390×870 + 2 WC + 2 shower: 8,627 USD
A4: Weight: 3,500 kg | HS CODE: 940690100000
A5: Loading address: Orta Mah. Oguzhan Cad. Keban Sok. No: 4 / Orhanlı / Tuzla / İstanbul / TURKEY
A7: Classroom 390×390 standard cabin: 4,490 USD
A9: Note: Shipping can be organized via local agents for better pricing (per vendor).
